source_url,target_url,status_code,preserve_query_string,include_subdomains,subpath_matching
https://tw.elitefasion.com/ai-innovation/chair-cushion-home-office-products-2,https://tw.elitefasion.com/ai-innovation/chair-cushion-home-office-products,301,true,false,false
https://tw.elitefasion.com/ai-innovation/chair-cushion-home-office-products-2.html,https://tw.elitefasion.com/ai-innovation/chair-cushion-home-office-products,301,true,false,false
https://tw.elitefasion.com/ai-innovation/chair-cushion-home-office-products-3,https://tw.elitefasion.com/ai-innovation/chair-cushion-home-office-products,301,true,false,false
https://tw.elitefasion.com/ai-innovation/chair-cushion-home-office-products-3.html,https://tw.elitefasion.com/ai-innovation/chair-cushion-home-office-products,301,true,false,false
https://tw.elitefasion.com/casual-chic/travel-shoes-light-bag-crossbody-rain-backup-system,https://tw.elitefasion.com/casual-chic/travel-shoes-bag-lightweight-crossbody-rain-backup,301,true,false,false
https://tw.elitefasion.com/casual-chic/travel-shoes-light-bag-crossbody-rain-backup-system.html,https://tw.elitefasion.com/casual-chic/travel-shoes-bag-lightweight-crossbody-rain-backup,301,true,false,false
https://tw.elitefasion.com/lifestyle-culture/closet-laundry-bedroom-storage-products-2,https://tw.elitefasion.com/lifestyle-culture/closet-laundry-bedroom-storage-products,301,true,false,false
https://tw.elitefasion.com/lifestyle-culture/closet-laundry-bedroom-storage-products-2.html,https://tw.elitefasion.com/lifestyle-culture/closet-laundry-bedroom-storage-products,301,true,false,false
https://tw.elitefasion.com/lifestyle-culture/closet-laundry-bedroom-storage-products-3,https://tw.elitefasion.com/lifestyle-culture/closet-laundry-bedroom-storage-products,301,true,false,false
https://tw.elitefasion.com/lifestyle-culture/closet-laundry-bedroom-storage-products-3.html,https://tw.elitefasion.com/lifestyle-culture/closet-laundry-bedroom-storage-products,301,true,false,false
https://tw.elitefasion.com/lifestyle-culture/compact-large-furniture-dining-bed-sofa-products-2,https://tw.elitefasion.com/lifestyle-culture/compact-large-furniture-dining-bed-sofa-products,301,true,false,false
https://tw.elitefasion.com/lifestyle-culture/compact-large-furniture-dining-bed-sofa-products-2.html,https://tw.elitefasion.com/lifestyle-culture/compact-large-furniture-dining-bed-sofa-products,301,true,false,false
https://tw.elitefasion.com/lifestyle-culture/daily-skincare-essence-mask-body-sunscreen-order-2,https://tw.elitefasion.com/lifestyle-culture/daily-skincare-essence-mask-body-sunscreen-order,301,true,false,false
https://tw.elitefasion.com/lifestyle-culture/daily-skincare-essence-mask-body-sunscreen-order-2.html,https://tw.elitefasion.com/lifestyle-culture/daily-skincare-essence-mask-body-sunscreen-order,301,true,false,false
https://tw.elitefasion.com/lifestyle-culture/drawer-storage-cabinet-small-home-products-2,https://tw.elitefasion.com/lifestyle-culture/drawer-storage-cabinet-small-home-products,301,true,false,false
https://tw.elitefasion.com/lifestyle-culture/drawer-storage-cabinet-small-home-products-2.html,https://tw.elitefasion.com/lifestyle-culture/drawer-storage-cabinet-small-home-products,301,true,false,false
https://tw.elitefasion.com/lifestyle-culture/drawer-storage-cabinet-small-home-products-3,https://tw.elitefasion.com/lifestyle-culture/drawer-storage-cabinet-small-home-products,301,true,false,false
https://tw.elitefasion.com/lifestyle-culture/drawer-storage-cabinet-small-home-products-3.html,https://tw.elitefasion.com/lifestyle-culture/drawer-storage-cabinet-small-home-products,301,true,false,false
https://tw.elitefasion.com/lifestyle-culture/drawer-storage-cabinet-small-home-products-51,https://tw.elitefasion.com/lifestyle-culture/drawer-storage-cabinet-small-home-products,301,true,false,false
https://tw.elitefasion.com/lifestyle-culture/drawer-storage-cabinet-small-home-products-51.html,https://tw.elitefasion.com/lifestyle-culture/drawer-storage-cabinet-small-home-products,301,true,false,false
https://tw.elitefasion.com/lifestyle-culture/drawer-storage-cabinet-small-home-products-52,https://tw.elitefasion.com/lifestyle-culture/drawer-storage-cabinet-small-home-products,301,true,false,false
https://tw.elitefasion.com/lifestyle-culture/drawer-storage-cabinet-small-home-products-52.html,https://tw.elitefasion.com/lifestyle-culture/drawer-storage-cabinet-small-home-products,301,true,false,false
https://tw.elitefasion.com/lifestyle-culture/entryway-shoe-cabinet-storage-products-2,https://tw.elitefasion.com/lifestyle-culture/entryway-shoe-cabinet-storage-products,301,true,false,false
https://tw.elitefasion.com/lifestyle-culture/entryway-shoe-cabinet-storage-products-2.html,https://tw.elitefasion.com/lifestyle-culture/entryway-shoe-cabinet-storage-products,301,true,false,false
https://tw.elitefasion.com/lifestyle-culture/entryway-shoe-cabinet-storage-products-3,https://tw.elitefasion.com/lifestyle-culture/entryway-shoe-cabinet-storage-products,301,true,false,false
https://tw.elitefasion.com/lifestyle-culture/entryway-shoe-cabinet-storage-products-3.html,https://tw.elitefasion.com/lifestyle-culture/entryway-shoe-cabinet-storage-products,301,true,false,false
https://tw.elitefasion.com/lifestyle-culture/entryway-shoe-cabinet-storage-products-4,https://tw.elitefasion.com/lifestyle-culture/entryway-shoe-cabinet-storage-products,301,true,false,false
https://tw.elitefasion.com/lifestyle-culture/entryway-shoe-cabinet-storage-products-4.html,https://tw.elitefasion.com/lifestyle-culture/entryway-shoe-cabinet-storage-products,301,true,false,false
https://tw.elitefasion.com/lifestyle-culture/entryway-shoe-cabinet-storage-products-5,https://tw.elitefasion.com/lifestyle-culture/entryway-shoe-cabinet-storage-products,301,true,false,false
https://tw.elitefasion.com/lifestyle-culture/entryway-shoe-cabinet-storage-products-5.html,https://tw.elitefasion.com/lifestyle-culture/entryway-shoe-cabinet-storage-products,301,true,false,false
https://tw.elitefasion.com/lifestyle-culture/entryway-shoe-cabinet-storage-products-6,https://tw.elitefasion.com/lifestyle-culture/entryway-shoe-cabinet-storage-products,301,true,false,false
https://tw.elitefasion.com/lifestyle-culture/entryway-shoe-cabinet-storage-products-6.html,https://tw.elitefasion.com/lifestyle-culture/entryway-shoe-cabinet-storage-products,301,true,false,false
https://tw.elitefasion.com/lifestyle-culture/family-gifts-blocks-books-puzzles-learning-toys,https://tw.elitefasion.com/lifestyle-culture/family-gift-blocks-board-games-puzzles-books,301,true,false,false
https://tw.elitefasion.com/lifestyle-culture/family-gifts-blocks-books-puzzles-learning-toys.html,https://tw.elitefasion.com/lifestyle-culture/family-gift-blocks-board-games-puzzles-books,301,true,false,false
https://tw.elitefasion.com/lifestyle-culture/family-table-toys-puzzles-gifts-products-2,https://tw.elitefasion.com/lifestyle-culture/family-table-toys-puzzles-gifts-products,301,true,false,false
https://tw.elitefasion.com/lifestyle-culture/family-table-toys-puzzles-gifts-products-2.html,https://tw.elitefasion.com/lifestyle-culture/family-table-toys-puzzles-gifts-products,301,true,false,false
https://tw.elitefasion.com/lifestyle-culture/first-pet-shopping-food-toy-cleaning-outing-order-2,https://tw.elitefasion.com/lifestyle-culture/first-pet-shopping-food-toy-cleaning-outing-order,301,true,false,false
https://tw.elitefasion.com/lifestyle-culture/first-pet-shopping-food-toy-cleaning-outing-order-2.html,https://tw.elitefasion.com/lifestyle-culture/first-pet-shopping-food-toy-cleaning-outing-order,301,true,false,false
https://tw.elitefasion.com/lifestyle-culture/scent-bodycare-gift-essential-oil-towel-small-goods,https://tw.elitefasion.com/lifestyle-culture/scent-bodycare-gift-essential-oil-towel-goods,301,true,false,false
https://tw.elitefasion.com/lifestyle-culture/scent-bodycare-gift-essential-oil-towel-small-goods.html,https://tw.elitefasion.com/lifestyle-culture/scent-bodycare-gift-essential-oil-towel-goods,301,true,false,false
https://tw.elitefasion.com/lifestyle-culture/side-cabinet-nightstand-bedroom-products-2,https://tw.elitefasion.com/lifestyle-culture/side-cabinet-nightstand-bedroom-products,301,true,false,false
https://tw.elitefasion.com/lifestyle-culture/side-cabinet-nightstand-bedroom-products-2.html,https://tw.elitefasion.com/lifestyle-culture/side-cabinet-nightstand-bedroom-products,301,true,false,false
https://tw.elitefasion.com/outdoor-escapes/travel-luggage-front-open-carry-on-packing-system-2,https://tw.elitefasion.com/outdoor-escapes/travel-luggage-front-open-carry-on-packing-system,301,true,false,false
https://tw.elitefasion.com/outdoor-escapes/travel-luggage-front-open-carry-on-packing-system-2.html,https://tw.elitefasion.com/outdoor-escapes/travel-luggage-front-open-carry-on-packing-system,301,true,false,false
https://tw.elitefasion.com/wellness-movement/freezer-meal-prep-chicken-sweet-potato-vegetables-pack,https://tw.elitefasion.com/wellness-movement/freezer-meal-prep-chicken-sweet-potato-vegetables,301,true,false,false
https://tw.elitefasion.com/wellness-movement/freezer-meal-prep-chicken-sweet-potato-vegetables-pack.html,https://tw.elitefasion.com/wellness-movement/freezer-meal-prep-chicken-sweet-potato-vegetables,301,true,false,false
